filename,predicted_percentage
model2_rouka.csv,5.470119047619048
model2_gakubukabe.csv,51.36842105263158
model2_roukakabe.csv,47.3375939849624
model2_insei.csv,29.999327826368642
model2_inselkabe.csv,52.30890422077922
model2_gakubu.csv,96.3062865497076
