metric,value
accuracy,0.68
precision_macro,0.4520395972008875
recall_macro,0.5996559139784946
f1_macro,0.501649316711648
precision_weighted,0.5683174603174602
recall_weighted,0.68
f1_weighted,0.6061513944223107
roc_auc(binary_only),0.976576
pr_auc(binary_only),0.9777288554965877
best_params,{}
